'id','name','ftype','amount','yield','color','add_after_boil','origin','supplier','notes','coarse_fine_diff','moisture','diastatic_power','protein','max_in_batch','recommend_mash','is_mashed','ibu_gal_per_lb','display_unit','display_scale','deleted','display','folder'
1,'Acid Malt','Grain',0.0,58.7,3.0,'false','Germany','','',0.0,0.0,0.0,0.0,10.0,'true','true',0.0,-1,-1,0,1,''
2,'Amber Malt','Grain',0.0,75.0,22.0,'false','United Kingdom','','',0.0,0.0,0.0,0.0,20.0,'true','true',0.0,-1,-1,0,1,''
3,'Aromatic Malt','Grain',0.0,78.0,26.0,'false','Belgium','','Used at rates of up to 10%, Aromatic malt will lend a distinct, almost exaggerated malt aroma and flavor to the finished Ales and Lagers. Aromatic malt also has a rich color and is high in diastatic power for aid in starch conversion. D/C Aromatic malt. As the name suggests, adds aromatics to a beer.',0.0,0.0,0.0,0.0,10.0,'true','true',0.0,-1,-1,0,1,''
4,'Barley Hulls','Adjunct',0.0,0.0,0.0,'false','US','','',0.0,0.0,0.0,0.0,5.0,'false','false',0.0,-1,-1,0,1,''
5,'Barley, Flaked','Grain',0.0,70.0,2.0,'false','US','','Adds proteins to promote hean retention and mouth feel. Commonly used Dry Stouts.',0.0,0.0,0.0,0.0,20.0,'true','true',0.0,-1,-1,0,1,''
6,'Barley, Raw','Grain',0.0,60.9,2.0,'false','US','','',0.0,0.0,0.0,0.0,15.0,'true','true',0.0,-1,-1,0,1,''
7,'Barley, Torrefied','Grain',0.0,79.0,2.0,'false','US','','',0.0,0.0,0.0,0.0,40.0,'true','true',0.0,-1,-1,0,1,''
8,'Biscuit Malt','Grain',0.0,79.0,23.0,'false','Belgium','','Biscuit is a unique malt thats lightly roasted, lending the subtle properties of black and chocolate malts. Used at the rate of 3 to 15 %, it is designed to improve the bread and biscuits, or toasted flavor and aroma characteristics to Lagers and Ales.',0.0,0.0,0.0,0.0,10.0,'false','false',0.0,-1,-1,0,1,''
9,'Black (Patent) Malt','Grain',0.0,55.0,500.0,'false','US','','The darkest of all malts, use sparingly to add deep color and roast-charcoal flavor. Use no more than 1 to 3%. Best used in trace amounts only, for color. Almost any contribution that Black Patent gives to beer can be obtained from using another malt with less harsh flavor impacts.',0.0,0.0,0.0,0.0,10.0,'false','false',0.0,-1,-1,0,1,''
10,'Black Barley (Roast Barley)','Grain',0.0,55.0,500.0,'false','US','','Use 10 to 12% to impart a distinct, roasted flavor to Stouts. Other dark beers also benefit from smaller quantities (2 - 6%).',0.0,0.0,0.0,0.0,10.0,'false','false',0.0,-1,-1,0,1,''
11,'Briess - 2 Row Brewers Malt','Grain',0.0,80.5,1.8,'false','US','Briess','DP 140. Base malt for all beer styles.
Contributes light straw color.
Slightly higher yield than 6-Row Malt.
Slightly lower protein than 6-Row Malt.
Malted in small batches, making it an excellent fit for small batch craft brewing.',1.0,4.2,140.0,11.5,100.0,'true','true',0.0,-1,-1,0,1,''
12,'Briess - 2 Row Carapils Malt','Grain',0.0,75.0,1.5,'false','US','Briess','Use up to 5% for increased foam, improved head retention and enhanced mouthfeel in any beer style.',1.0,6.5,0.0,0.0,5.0,'false','false',0.0,-1,-1,0,1,''
13,'Briess - 6 Row Brewers Malt','Grain',0.0,78.0,1.8,'false','US','Briess','DP 180. Base malt for all beer styles. Contributes light straw color. More husk than 2-Row Malt. Higher enzymes than 2-Row malt. Well suited for high adjunct brewing.',1.5,4.7,180.0,12.0,100.0,'true','true',0.0,-1,-1,0,1,''
14,'Briess - Aromatic Malt','Grain',0.0,77.0,20.0,'false','US','Briess','DP 20. Deep golden with orange hues.',1.0,2.5,20.0,11.7,50.0,'true','true',0.0,-1,-1,0,1,''
15,'Briess - Ashburne Mild Malt','Grain',0.0,79.0,5.3,'false','US','Briess','DP 65. 2-Row specialty base malt.
Use as a base malt or high percentage specialty malt.
Typically used in Mild Ale, Brown Ale, Belgian Ale and Barley Wine.
Slightly darker with a higher dextrin level than Pale Ale Malt.
Will lend a higher residual maltiness/ mouthfeel.',2.0,3.5,65.0,11.7,50.0,'true','true',0.0,-1,-1,0,1,''
16,'Briess - Black Barley','Grain',0.0,55.0,500.0,'false','US','Briess','Contributes color and rich, sharp flavor characteristic of Stouts and some Porters. Impacts foam color.',1.0,6.0,0.0,0.0,7.0,'false','false',0.0,-1,-1,0,1,''
17,'Briess - Black Malt','Grain',0.0,55.0,500.0,'false','US','Briess','Color adjustment for all beer styles. Use with other roasted malts for mild flavored dark beers. Has little impact on foam color.',1.0,6.0,0.0,0.0,10.0,'false','false',0.0,-1,-1,0,1,''
18,'Briess - Black Malted Barley Flour','Grain',0.0,55.0,500.0,'false','US','Briess','Color adjustment for all beer styles.',1.0,6.0,0.0,0.0,10.0,'false','false',0.0,-1,-1,0,1,''
19,'Briess - Blackprinz Malt','Grain',0.0,78.0,500.0,'false','US','Briess','Bitterless black malt that can be used in any recipe calling for debittered black malt. Blackprinz® Malt delivers colors plus more roasted flavor than Midnight Wheat Malt.',1.0,6.0,0.0,0.0,10.0,'false','false',0.0,-1,-1,0,1,''
20,'Briess - Bonlander Munich Malt','Grain',0.0,78.0,10.0,'false','US','Briess','DP 40. Golden leaning toward orange hues.',2.0,3.3,40.0,11.7,50.0,'true','true',0.0,-1,-1,0,1,''
21,'Briess - Carabrown Malt','Grain',0.0,79.0,55.0,'false','US','Briess','Begins slightly sweet.
Delivers an array of toasted flavors.
Smooth and clean with a slightly dry finish.
Light brown/orange color contributions. ',1.0,2.2,0.0,0.0,25.0,'false','false',0.0,-1,-1,0,1,''
22,'Briess - Caracrystal Wheat Malt','Grain',0.0,78.0,55.0,'false','US','Briess','Sweet, smooth, malty, bready, subtle caramel, dark toast.
Exceptionally clean finish.
Orange to mahogany color.',1.0,4.0,0.0,0.0,25.0,'false','false',0.0,-1,-1,0,1,''
23,'Briess - Carapils Malt','Grain',0.0,74.0,1.3,'false','US','Briess','Use up to 5% for increased foam, improved head retention and enhanced mouthfeel in any beer style.',1.0,6.5,0.0,0.0,5.0,'false','false',0.0,-1,-1,0,1,''
24,'Briess - Chocolate Malt','Grain',0.0,60.0,350.0,'false','US','Briess','Use in all beer styles for color adjustment. Use 1-10% for desired color in Porter and Stout. The rich roasted coffee, cocoa flavor is very complementary when used in higher percentages in Porters, Stouts, Brown Ales, and other dark beers.',1.0,6.0,0.0,0.0,10.0,'false','false',0.0,-1,-1,0,1,''
25,'Briess - Dark Chocolate Malt','Grain',0.0,60.0,420.0,'false','US','Briess','2-Row. The chocolate flavor is very complementary when used in higher percentages in Porter, Stout, Brown Ale, Dunkels and other dark beers. Use in all styles for color. Contributes brown hues.',1.0,5.5,0.0,0.0,10.0,'false','false',0.0,-1,-1,0,1,''
26,'Briess - Extra Special Malt','Grain',0.0,73.0,130.0,'false','US','Briess','Complex flavored 2-Row Biscuit-style Malt. This hybrid drum roasted malt has an array of both caramel and dry roasted flavors. Use to develop flavors associated with darker, high gravity beers like Doppelbock. Equally well suited for mid to dark Belgian style ales. Adds complexity to Abbey styles and darker styles like dry Irish Stouts and Porters. Contributes dark reed to deep copper colors. At higher usage it contributes lighter brown hues.',1.0,2.5,0.0,0.0,15.0,'false','false',0.0,-1,-1,0,1,''
27,'Briess - Midnight Wheat Malt','Grain',0.0,55.0,550.0,'false','US','Briess','Bitterless black malt that can be used in any recipe calling for debittered black malt. Midnight Wheat Malt is the smoothest source of black color of any malt available.',1.0,6.5,0.0,0.0,10.0,'false','false',0.0,-1,-1,0,1,''
28,'Briess - Munich Malt 10L','Grain',0.0,77.0,10.0,'false','US','Briess','DP 40. Golden leaning toward orange hues.',1.0,3.3,40.0,12.0,50.0,'true','true',0.0,-1,-1,0,1,''
29,'Briess - Munich Malt 20L','Grain',0.0,74.0,20.0,'false','US','Briess','DP 20. Deep golden with orange hues.',1.0,2.7,20.0,12.0,50.0,'true','true',0.0,-1,-1,0,1,''
30,'Briess - Pale Ale Malt','Grain',0.0,80.0,3.5,'false','US','Briess','DP 85. Use as a rich malty 2-Row base malt. Contributes golden color.  A fully modified, high extract, low protein malt.
Not just a darker 2-Row Base Malt. Its very unique recipe results in the development of a very unique flavor.  Sufficient enzymes to suport the inclusion of event the most demanding specialty malts without extending the brewing cycle.',1.5,4.0,85.0,11.7,100.0,'true','true',0.0,-1,-1,0,1,''
31,'Briess - Pilsen Malt','Grain',0.0,80.5,1.2,'false','US','Briess','DP 140. Lightest colored base malt available. Produces very light colored, clean, crisp wort.
Use as 2-Row base malt for all beer styles.  Excellent choice for lagers. Allows the full flavor of specialty malts to shine through.
',2.5,4.5,140.0,11.3,100.0,'true','true',0.0,-1,-1,0,1,''
32,'Briess - Roasted Barley','Grain',0.0,55.0,300.0,'false','US','Briess','Contributes color and rich, sharp flavor characteristic of Stouts and some Porters. Impacts foam color.',1.0,5.0,0.0,0.0,7.0,'false','false',0.0,-1,-1,0,1,''
33,'Briess - Rye Malt','Grain',0.0,80.0,3.7,'false','US','Briess','DP 105. Rye Malt isn''t just for rye beer styles. Although brewing a traditional rye beer is exceptionally rewarding, try adding Rye Malt to light- and medium-colored and flavored beers for complexity. Or fire up your new distillery and use it to make a single malt whiskey.',1.0,4.5,105.0,10.5,35.0,'true','true',0.0,-1,-1,0,1,''
34,'Briess - Smoked Malt','Grain',0.0,80.5,5.0,'false','US','Briess','DP 140. Briess Smoked Malt is produced using cherry wood. The result is a very smooth, smoky flavored, enzyme-active kilned malt.',1.0,6.0,140.0,12.0,60.0,'true','true',0.0,-1,-1,0,1,''
35,'Briess - Special Roast Malt','Grain',0.0,72.0,40.0,'false','US','Briess','Complex flavored Biscuit-style Malt. With its characteristic and bold sourdough flavor, it will contribute an exciting layer of flavor to Nut Brown Ales, Porters and other dark beer styles. ',1.0,2.5,0.0,0.0,10.0,'false','false',0.0,-1,-1,0,1,''
36,'Briess - Victory Malt','Grain',0.0,75.0,28.0,'false','US','Briess','Biscuit Malt. Well suited for Nut Brown Ales & other dark beers. Its clean flavor makes it equally well suited for ales and lagers alike. Use in small amounts to add complexity to lighter colored ales and lagers.',1.0,2.5,0.0,0.0,25.0,'false','false',0.0,-1,-1,0,1,''
37,'Briess - Vienna Malt','Grain',0.0,77.5,3.5,'false','US','Briess','DP 130. Use as a base malt or high percentage specialty malt.
Contributes hues learning toward golden/light orange.
Typically used in Vienna, Oktoberfest, Marzen, Alt and all dark lagers.',1.0,3.8,130.0,12.0,90.0,'true','true',0.0,-1,-1,0,1,''
38,'Briess - Wheat Malt, Red','Grain',0.0,81.0,2.3,'false','US','Briess','DP 180.
Use as part or all of base malt in wheat beers.
Runs efficiently through the brewhouse with slightly higher protein than White Wheat Malt.
Often used in Hefeweizen and other traditional wheat styles due to a distinctive, characteristic wheat flour flavor. 
Improves head and foam retention in any beer style.',2.0,4.0,180.0,13.0,40.0,'true','true',0.0,-1,-1,0,1,''
39,'Briess - Wheat Malt, White','Grain',0.0,85.0,2.5,'false','US','Briess','DP 160. Use as part or all of base malt in wheat beers. Improves head and foam retention in any beer style.',1.0,4.0,160.0,12.0,100.0,'true','true',0.0,-1,-1,0,1,''
40,'Briess DME - Bavarian Wheat','Dry Extract',0.0,95.0,3.0,'false','US','','',0.0,0.0,0.0,0.0,100.0,'false','false',0.0,-1,-1,0,1,''
41,'Briess DME - Golden Light','Dry Extract',0.0,95.0,4.0,'false','US','','',0.0,0.0,0.0,0.0,100.0,'false','false',0.0,-1,-1,0,1,''
42,'Briess DME - Maltoferm A-6001 (Black Malt Extract)','Dry Extract',0.0,95.0,500.0,'false','US','','',0.0,0.0,0.0,0.0,100.0,'false','false',0.0,-1,-1,0,1,''
43,'Briess DME - Pilsen Light','Dry Extract',0.0,95.0,2.0,'false','US','','',0.0,0.0,0.0,0.0,100.0,'false','false',0.0,-1,-1,0,1,''
44,'Briess DME - Sparkling Amber','Dry Extract',0.0,95.0,10.0,'false','US','','',0.0,0.0,0.0,0.0,100.0,'false','false',0.0,-1,-1,0,1,''
45,'Briess DME - Traditional Dark','Dry Extract',0.0,95.0,30.0,'false','US','','',0.0,0.0,0.0,0.0,100.0,'false','false',0.0,-1,-1,0,1,''
46,'Briess LME - Golden Light','Extract',0.0,78.0,4.0,'false','US','','',0.0,0.0,0.0,0.0,100.0,'false','false',0.0,-1,-1,0,1,''
47,'Briess LME - Maltoferm A-6000 (Black Malt Extract)','Extract',0.0,78.0,500.0,'false','US','','',0.0,0.0,0.0,0.0,100.0,'false','false',0.0,-1,-1,0,1,''
48,'Briess LME - Munich','Extract',0.0,78.0,8.0,'false','US','','',0.0,0.0,0.0,0.0,100.0,'false','false',0.0,-1,-1,0,1,''
49,'Briess LME - Pilsen Light','Extract',0.0,78.0,2.0,'false','US','','',0.0,0.0,0.0,0.0,100.0,'false','false',0.0,-1,-1,0,1,''
50,'Briess LME - Sparkling Amber','Extract',0.0,78.0,10.0,'false','US','','',0.0,0.0,0.0,0.0,100.0,'false','false',0.0,-1,-1,0,1,''
51,'Briess LME - Sweet Brown Rice Syrup','Extract',0.0,75.0,2.0,'false','US','','Gluten free',0.0,0.0,0.0,0.0,100.0,'false','false',0.0,-1,-1,0,1,''
52,'Briess LME - Traditional Dark','Extract',0.0,78.0,30.0,'false','US','','',0.0,0.0,0.0,0.0,100.0,'false','false',0.0,-1,-1,0,1,''
53,'Briess LME - White Sorghum Syrup','Extract',0.0,75.0,3.0,'false','US','','Gluten free',0.0,0.0,0.0,0.0,100.0,'false','false',0.0,-1,-1,0,1,''
54,'Brown Malt (British Chocolate)','Grain',0.0,70.0,65.0,'false','United Kingdom','','Ideal for British Porters and Brown or Mild Ales and even Stouts. It''s a little darker than domestic Chocolate malt yet it has a slightly smoother character in the roast flavor and aroma profiles.',0.0,0.0,0.0,0.0,10.0,'true','false',0.0,-1,-1,0,1,''
55,'Brown Sugar, Dark','Sugar',0.0,100.0,50.0,'false','US','','',0.0,0.0,0.0,0.0,10.0,'false','false',0.0,-1,-1,0,1,''
56,'Brown Sugar, Light','Sugar',0.0,100.0,8.0,'false','US','','',0.0,0.0,0.0,0.0,10.0,'false','false',0.0,-1,-1,0,1,''
57,'Brumalt','Grain',0.0,71.7,23.0,'false','Germany','','Dark German malt developed to add malt flavor of Alt, Marzen and Oktoberfest beers. Helps create authentic maltiness without having to do a decoction mash. Rarely available for homebrewers.',0.0,0.0,0.0,0.0,10.0,'true','true',0.0,-1,-1,0,1,''
58,'Candi Sugar, Amber','Sugar',0.0,78.3,75.0,'false','Belgium','','',0.0,0.0,0.0,0.0,20.0,'false','false',0.0,-1,-1,0,1,''
59,'Candi Sugar, Clear','Sugar',0.0,78.3,1.0,'false','Belgium','','',0.0,0.0,0.0,0.0,20.0,'false','false',0.0,-1,-1,0,1,''
60,'Candi Sugar, Dark','Sugar',0.0,78.3,275.0,'false','Belgium','','',0.0,0.0,0.0,0.0,20.0,'false','false',0.0,-1,-1,0,1,''
61,'Cane (Beet) Sugar','Sugar',0.0,100.0,0.0,'false','US','','',0.0,0.0,0.0,0.0,7.0,'false','false',0.0,-1,-1,0,1,''
62,'Cara-Pils/Dextrine','Grain',0.0,72.0,2.0,'false','US','','Dextrins lend body, mouth feel and palate fullness to beers, as well as foam stability. Carapils must be mashed with pale malt, due to its lack of enzymes. Use 5 to 20% for these properties without adding color.',0.0,0.0,0.0,0.0,20.0,'false','false',0.0,-1,-1,0,1,''
63,'Caraamber','Grain',0.0,75.0,30.0,'false','US','','',0.0,0.0,0.0,0.0,20.0,'false','false',0.0,-1,-1,0,1,''
64,'Carafa','Grain',0.0,70.0,337.0,'false','Germany','','',1.5,4.0,0.0,11.7,5.0,'false','false',0.0,-1,-1,0,1,''
65,'Carafa II','Grain',0.0,70.0,412.0,'false','Germany','','',1.5,4.0,0.0,11.7,5.0,'false','false',0.0,-1,-1,0,1,''
66,'Carafa III','Grain',0.0,70.0,525.0,'false','Germany','','',1.5,4.0,0.0,11.7,5.0,'false','false',0.0,-1,-1,0,1,''
67,'Carafoam','Grain',0.0,72.0,2.0,'false','US','','',0.0,0.0,0.0,0.0,20.0,'false','false',0.0,-1,-1,0,1,''
68,'Caramel/Crystal Malt - 10L','Grain',0.0,75.0,10.0,'false','US','','This Light Crystal malt will lend body and mouth feel with a minimum of color, much like Carapils, but with a light caramel sweetness.',0.0,0.0,0.0,0.0,20.0,'false','false',0.0,-1,-1,0,1,''
69,'Caramel/Crystal Malt - 120L','Grain',0.0,72.0,120.0,'false','US','','Dark Crystal will lend a complex sharp caramel flavor and aroma to beers. Used in smaller quantities this malt will add color and slight sweetness to beers, while heavier concentrations are well suited to strong beers.',0.0,0.0,0.0,0.0,20.0,'false','false',0.0,-1,-1,0,1,''
70,'Caramel/Crystal Malt - 20L','Grain',0.0,75.0,20.0,'false','US','','This Crystal malt will provide a golden color and a sweet, mild caramel flavor.',0.0,0.0,0.0,0.0,20.0,'false','false',0.0,-1,-1,0,1,''
71,'Caramel/Crystal Malt - 30L','Grain',0.0,75.0,30.0,'false','US','','',0.0,0.0,0.0,0.0,20.0,'false','false',0.0,-1,-1,0,1,''
72,'Caramel/Crystal Malt - 40L','Grain',0.0,74.0,40.0,'false','US','','This Pale Crystal malt will lend a balance of medium caramel color, flavor, and body.',0.0,0.0,0.0,0.0,20.0,'false','false',0.0,-1,-1,0,1,''
73,'Caramel/Crystal Malt - 60L','Grain',0.0,74.0,60.0,'false','US','','This Medium Crystal malt will lend a well rounded caramel flavor, color and sweetness. This Crystal malt is a good choice if you''re not sure which variety to use.',0.0,0.0,0.0,0.0,20.0,'false','false',0.0,-1,-1,0,1,''
74,'Caramel/Crystal Malt - 80L','Grain',0.0,74.0,80.0,'false','US','','This Crystal malt will lend a well a pronounced caramel flavor, color and sweetness.',0.0,0.0,0.0,0.0,20.0,'false','false',0.0,-1,-1,0,1,''
75,'Caramunich Malt','Grain',0.0,71.7,56.0,'false','Belgium','','Use Caramunich for a deeper color, caramelized sugars and contribute a rich malt aroma.',0.0,0.0,0.0,0.0,10.0,'false','false',0.0,-1,-1,0,1,''
76,'Carared','Grain',0.0,75.0,20.0,'false','US','','',0.0,0.0,0.0,0.0,20.0,'false','false',0.0,-1,-1,0,1,''
77,'Caravienne Malt','Grain',0.0,73.9,22.0,'false','Belgium','','Impart a rich, caramel-sweet aroma and promotes a fuller flavor. Excellent all purpose caramel malt that can be used in high percentages (up to 15%) without leaving the beer too caramel/sweet.',0.0,0.0,0.0,0.0,10.0,'false','false',0.0,-1,-1,0,1,''
78,'Carawheat (GR)','Grain',0.0,68.0,40.0,'false','','','',0.0,6.5,0.0,0.0,0.0,'false','false',0.0,-1,-1,0,1,''
79,'Chocolate Malt (UK)','Grain',0.0,73.0,450.0,'false','United Kingdom','','Ideal for British Porters and Brown or Mild Ales and even Stouts. It''s a little darker than US Chocolate malt yet it has a slightly smoother character in the roast flavor and aroma profiles.',0.0,0.0,0.0,0.0,10.0,'false','false',0.0,-1,-1,0,1,''
80,'Chocolate Malt (US)','Grain',0.0,60.0,350.0,'false','US','','Being the least roasted of the black malts, Chocolate malt will add a dark color and pleasant roast flavor. Small quantities lend a nutty flavor and deep, ruby red color while higher amounts lend a black color and smooth, roasted flavor. Use 3 to 12%.',0.0,0.0,0.0,0.0,10.0,'false','false',0.0,-1,-1,0,1,''
81,'Coopers LME - Amber','Extract',0.0,78.0,16.4,'false','US','','',0.0,0.0,0.0,0.0,100.0,'false','false',0.0,-1,-1,0,1,''
82,'Coopers LME - Dark','Extract',0.0,78.0,65.9,'false','US','','',0.0,0.0,0.0,0.0,100.0,'false','false',0.0,-1,-1,0,1,''
83,'Coopers LME - Light','Extract',0.0,78.0,3.4,'false','US','','',0.0,0.0,0.0,0.0,100.0,'false','false',0.0,-1,-1,0,1,''
84,'Coopers LME - Wheat','Extract',0.0,78.0,4.5,'false','US','','',0.0,0.0,0.0,0.0,100.0,'false','false',0.0,-1,-1,0,1,''
85,'Corn Sugar (Dextrose)','Sugar',0.0,100.0,0.0,'false','US','','',0.0,0.0,0.0,0.0,5.0,'false','false',0.0,-1,-1,0,1,''
86,'Corn Syrup','Sugar',0.0,78.3,1.0,'false','US','','',0.0,0.0,0.0,0.0,10.0,'false','false',0.0,-1,-1,0,1,''
87,'Corn, Flaked','Grain',0.0,80.0,1.0,'false','US','','The most common adjunct in American Lagers and Cream ales. Lightens both color and body.',0.0,0.0,0.0,0.0,40.0,'true','true',0.0,-1,-1,0,1,''
88,'Dark Liquid Extract','Extract',0.0,78.0,18.0,'false','US','','',0.0,0.0,0.0,0.0,100.0,'false','false',0.0,-1,-1,0,1,''
89,'Dememera Sugar','Sugar',0.0,100.0,2.0,'false','United Kingdom','','',0.0,0.0,0.0,0.0,10.0,'false','false',0.0,-1,-1,0,1,''
90,'Dry Extract (DME) - Amber','Dry Extract',0.0,95.0,13.0,'false','US','','',0.0,0.0,0.0,0.0,100.0,'false','false',0.0,-1,-1,0,1,''
91,'Dry Extract (DME) - Dark','Dry Extract',0.0,95.0,18.0,'false','US','','',0.0,0.0,0.0,0.0,100.0,'false','false',0.0,-1,-1,0,1,''
92,'Dry Extract (DME) - Extra Light','Dry Extract',0.0,95.0,3.0,'false','US','','',0.0,0.0,0.0,0.0,100.0,'false','false',0.0,-1,-1,0,1,''
93,'Dry Extract (DME) - Light','Dry Extract',0.0,95.0,8.0,'false','US','','',0.0,0.0,0.0,0.0,100.0,'false','false',0.0,-1,-1,0,1,''
94,'Dry Extract (DME) - Wheat','Dry Extract',0.0,95.0,8.0,'false','US','','',0.0,0.0,0.0,0.0,100.0,'false','false',0.0,-1,-1,0,1,''
95,'Grits','Adjunct',0.0,80.0,1.0,'false','US','','',0.0,0.0,0.0,0.0,10.0,'false','false',0.0,-1,-1,0,1,''
96,'Honey','Extract',0.0,75.0,1.0,'false','US','','',0.0,0.0,0.0,0.0,100.0,'false','false',0.0,-1,-1,0,1,''
97,'Honey Malt','Grain',0.0,80.0,25.0,'false','Canada','','This Canadian malt imparts a honey-like flavor. It also also sometimes called Brumalt. 
Intensely sweet - adds a sweet malty flavor sometimes associated with honey. ',2.0,3.8,0.0,10.5,10.0,'true','false',0.0,-1,-1,0,1,''
98,'Invert Sugar','Sugar',0.0,100.0,0.0,'false','United Kingdom','','Sucrose (table sugar) that has been inverted with heat and acid to form a mixture of fructose and glucose.',0.0,0.0,0.0,0.0,10.0,'false','false',0.0,-1,-1,0,1,''
99,'Liquid Extract (LME) - Amber','Extract',0.0,78.0,13.0,'false','US','','',0.0,0.0,0.0,0.0,100.0,'false','false',0.0,-1,-1,0,1,''
100,'Liquid Extract (LME) - Pale','Extract',0.0,78.0,8.0,'false','US','','',0.0,0.0,0.0,0.0,100.0,'false','false',0.0,-1,-1,0,1,''
101,'Liquid Extract (LME) - Pilsner','Extract',0.0,78.0,4.0,'false','US','','',0.0,0.0,0.0,0.0,100.0,'false','false',0.0,-1,-1,0,1,''
102,'Liquid Extract (LME) - Wheat','Extract',0.0,78.0,8.0,'false','US','','',0.0,0.0,0.0,0.0,100.0,'false','false',0.0,-1,-1,0,1,''
103,'Maple Syrup','Sugar',0.0,65.2,35.0,'false','US','','',0.0,0.0,0.0,0.0,10.0,'false','false',0.0,-1,-1,0,1,''
104,'Melanoiden Malt','Grain',0.0,80.0,20.0,'false','Germany','','',0.0,0.0,0.0,0.0,15.0,'true','true',0.0,-1,-1,0,1,''
105,'Mild Malt','Grain',0.0,80.0,4.0,'false','United Kingdom','','',0.0,0.0,0.0,0.0,100.0,'true','true',0.0,-1,-1,0,1,''
106,'Milk Sugar (Lactose)','Sugar',0.0,76.1,0.0,'false','US','','',0.0,0.0,0.0,0.0,10.0,'false','false',0.0,-1,-1,0,1,''
107,'Molasses','Sugar',0.0,78.3,80.0,'false','US','','',0.0,0.0,0.0,0.0,5.0,'false','false',0.0,-1,-1,0,1,''
108,'Munich Malt','Grain',0.0,80.0,9.0,'false','Germany','','Although kilned, Munich still retains sufficient enzymes for 100% of the grain bill, or it can be used at a percentage of the total malt content for its full, malty flavor and aroma.',0.0,0.0,0.0,0.0,100.0,'true','true',0.0,-1,-1,0,1,''
109,'Munich Malt - 10L','Grain',0.0,77.0,10.0,'false','US','','Although kilned, Munich still retains sufficient enzymes for 100% of the grain bill, or it can be used at a percentage of the total malt content for its full, malty flavor and aroma.',0.0,0.0,0.0,0.0,100.0,'true','true',0.0,-1,-1,0,1,''
110,'Munich Malt - 20L','Grain',0.0,75.0,20.0,'false','US','','A little darker than German Munich malt and adds a deeper color and fuller malt profile. Great for Dark and amber lagers, blend Munich with German Pils or Domestic 2 Row at the rate of 10 to 60% of the total grain bill.',0.0,0.0,0.0,0.0,80.0,'true','true',0.0,-1,-1,0,1,''
111,'Muntons DME - Amber','Dry Extract',0.0,95.0,13.0,'false','US','','',0.0,0.0,0.0,0.0,100.0,'false','false',0.0,-1,-1,0,1,''
112,'Muntons DME - Dark','Dry Extract',0.0,95.0,22.0,'false','US','','',0.0,0.0,0.0,0.0,100.0,'false','false',0.0,-1,-1,0,1,''
113,'Muntons DME - Extra Dark','Dry Extract',0.0,95.0,38.0,'false','US','','',0.0,0.0,0.0,0.0,100.0,'false','false',0.0,-1,-1,0,1,''
114,'Muntons DME - Extra Light','Dry Extract',0.0,95.0,3.0,'false','US','','',0.0,0.0,0.0,0.0,100.0,'false','false',0.0,-1,-1,0,1,''
115,'Muntons DME - Light','Dry Extract',0.0,95.0,4.0,'false','US','','',0.0,0.0,0.0,0.0,100.0,'false','false',0.0,-1,-1,0,1,''
116,'Muntons DME - Wheat','Dry Extract',0.0,95.0,4.0,'false','US','','',0.0,0.0,0.0,0.0,100.0,'false','false',0.0,-1,-1,0,1,''
117,'Muntons LME - Amber','Extract',0.0,78.0,7.0,'false','US','','',0.0,0.0,0.0,0.0,100.0,'false','false',0.0,-1,-1,0,1,''
118,'Muntons LME - Dark','Extract',0.0,78.0,2.1,'false','US','','',0.0,0.0,0.0,0.0,100.0,'false','false',0.0,-1,-1,0,1,''
119,'Muntons LME - Extra Light','Extract',0.0,78.0,2.8,'false','US','','',0.0,0.0,0.0,0.0,100.0,'false','false',0.0,-1,-1,0,1,''
120,'Muntons LME - Light','Extract',0.0,78.0,4.0,'false','US','','',0.0,0.0,0.0,0.0,100.0,'false','false',0.0,-1,-1,0,1,''
121,'Muntons LME - Wheat','Extract',0.0,78.0,4.0,'false','US','','',0.0,0.0,0.0,0.0,100.0,'false','false',0.0,-1,-1,0,1,''
122,'Oats, Flaked','Grain',0.0,80.0,1.0,'false','US','','Oats will improve mouth feel and add a creamy head. Commonly used in Oatmeal Stout.',0.0,0.0,0.0,0.0,30.0,'true','true',0.0,-1,-1,0,1,''
123,'Oats, Malted','Grain',0.0,80.0,1.0,'false','US','','Use to make wheat and weizen beers at 40-60% for wheat and 35-65% for Bavarian weizens. Small amounts at about 3-6 % aid in head retention to any beer without altering final flavor. Use with a highly modified malt to insure diastatic enzymes. Protein rest highly recommended due to very high protein content.',0.0,0.0,0.0,0.0,10.0,'true','true',0.0,-1,-1,0,1,''
124,'Pale Malt (2 Row) Bel','Grain',0.0,80.0,3.0,'false','Belgium','','',0.0,0.0,0.0,0.0,100.0,'true','true',0.0,-1,-1,0,1,''
125,'Pale Malt (2 Row) UK','Grain',0.0,78.0,3.0,'false','United Kingdom','','Fully modified British malt, easily converted by a single temperature mash. Preferred by many brewers for authentic English ales. This malt has undergone higher kilning than Domestic 2 Row and is lower in diastatic power so keep adjuncts at a lower percentage.',0.0,0.0,0.0,0.0,100.0,'true','true',0.0,-1,-1,0,1,''
126,'Pale Malt (2 Row) US','Grain',0.0,79.0,2.0,'false','US','','A variety of malt that forms two seed rows along the stem on the grain head. Well modified with a high diastatic power allows mashing with up to 35% grain adjuncts. Because it is fairly neutral 2-Row makes an excellent base malt and is known as the "workhorse" of many recipes. Greater starch per weight ratio than 6-Row. Protein rest recommended to avoid chill-haze. Also know as Klages.',0.0,0.0,0.0,0.0,100.0,'true','true',0.0,-1,-1,0,1,''
127,'Pale Malt (6 Row) US','Grain',0.0,76.0,2.0,'false','US','','This malt variety forms six distinct seed rows on the grain head. Very high diastatic power allows mashing with up to 60% grain adjuncts, great if added diastatic strength is needed in a recipe. 6-Row also has greater husks per weight ratio than 2-Row. Protein rest recommended to avoid chill-haze.',0.0,0.0,0.0,0.0,100.0,'true','true',0.0,-1,-1,0,1,''
128,'Peat Smoked Malt','Grain',0.0,74.0,3.0,'false','United Kingdom','','Smoked over peat moss for a soft sweet, earty smoked character. Imparts a soft peaty smoke flavor for strong Scottish ales.',0.0,0.0,0.0,0.0,20.0,'true','true',0.0,-1,-1,0,1,''
129,'Pilsner (2 Row) Bel','Grain',0.0,79.0,2.0,'false','Belgium','','This is an excellent base malt for many styles, including full flavored Lagers, Belgian Ales and Belgian Wheat beers.',0.0,0.0,0.0,0.0,100.0,'true','true',0.0,-1,-1,0,1,''
130,'Pilsner (2 Row) Ger','Grain',0.0,81.0,2.0,'false','Germany','','',0.0,0.0,0.0,0.0,100.0,'true','true',0.0,-1,-1,0,1,''
131,'Pilsner (2 Row) UK','Grain',0.0,78.0,1.0,'false','United Kingdom','','',0.0,0.0,0.0,0.0,100.0,'true','true',0.0,-1,-1,0,1,''
132,'Rahr - 2 Row Malt','Grain',0.0,80.0,2.0,'false','US','','',1.0,4.0,120.0,11.5,100.0,'true','true',0.0,-1,-1,0,1,''
133,'Rahr - 6 Row Malt','Grain',0.0,79.0,25.0,'false','US','','',1.0,4.2,140.0,15.0,100.0,'true','true',0.0,-1,-1,0,1,''
134,'Rahr - Pale Ale Malt','Grain',0.0,79.0,40.0,'false','US','','',1.0,4.5,120.0,12.0,100.0,'true','true',0.0,-1,-1,0,1,''
135,'Rahr - Premium Pilsner Malt','Grain',0.0,80.0,2.0,'false','US','','',1.0,4.0,120.0,11.0,100.0,'true','true',0.0,-1,-1,0,1,''
136,'Rahr - Red Wheat Malt','Grain',0.0,85.0,45.0,'false','US','','',1.0,4.5,0.0,12.0,50.0,'true','true',0.0,-1,-1,0,1,''
137,'Rahr - White Wheat Malt','Grain',0.0,85.0,45.0,'false','US','','',1.0,4.5,0.0,12.0,50.0,'true','true',0.0,-1,-1,0,1,''
138,'Rauch Malt (Germany)','Grain',0.0,81.0,2.0,'false','Germany','','German malt is smoked over a beechwood fire for a drier, sharper, obvious more wood-smoked flavor. Imparts a distinct smoked character for German Rauch beers.',0.0,0.0,0.0,10.0,100.0,'false','false',0.0,-1,-1,0,1,''
139,'Rice Extract Syrup','Extract',0.0,69.6,7.0,'false','US','','',0.0,0.0,0.0,0.0,15.0,'false','false',0.0,-1,-1,0,1,''
140,'Rice Hulls','Adjunct',0.0,0.0,0.0,'false','US','','',0.0,0.0,0.0,0.0,5.0,'false','false',0.0,-1,-1,0,1,''
141,'Rice, Flaked','Grain',0.0,70.0,1.0,'false','US','','Another popular adjunct in American Lagers. Lightens both color and body.',0.0,0.0,0.0,0.0,25.0,'true','true',0.0,-1,-1,0,1,''
142,'Roasted Barley','Grain',0.0,55.0,300.0,'false','US','','Use 10 to 12% to impart a distinct, roasted flavor to Stouts. Other dark beers also benefit from smaller quantities (2 - 6%).',0.0,0.0,0.0,0.0,10.0,'false','false',0.0,-1,-1,0,1,''
143,'Rye Malt','Grain',0.0,63.0,5.0,'false','US','','Imparts a distinct sharp flavor.',0.0,0.0,0.0,0.0,15.0,'true','true',0.0,-1,-1,0,1,''
144,'Rye, Flaked','Grain',0.0,78.3,2.0,'false','US','','Imparts a distinct sharp flavor.',0.0,0.0,0.0,0.0,10.0,'true','true',0.0,-1,-1,0,1,''
145,'Simpsons - Aromatic Malt','Grain',0.0,82.5,25.0,'false','UK','','',1.0,5.0,0.0,12.0,5.0,'true','true',0.0,-1,-1,0,1,''
146,'Simpsons - Black Malt','Grain',0.0,70.0,550.0,'false','UK','','',1.0,3.0,0.0,12.0,10.0,'true','false',0.0,-1,-1,0,1,''
147,'Simpsons - Caramalt','Grain',0.0,76.0,35.0,'false','UK','','',1.0,5.0,0.0,12.0,20.0,'true','false',0.0,-1,-1,0,1,''
148,'Simpsons - Caramalt Light','Grain',0.0,76.0,13.0,'false','UK','','',1.0,6.9,0.0,12.0,30.0,'true','false',0.0,-1,-1,0,1,''
149,'Simpsons - Chocolate Malt','Grain',0.0,73.0,400.0,'false','UK','','',1.0,1.9,0.0,12.0,20.0,'true','false',0.0,-1,-1,0,1,''
150,'Simpsons - Coffee Malt','Grain',0.0,74.0,150.0,'false','UK','','',1.0,3.5,0.0,12.0,20.0,'true','false',0.0,-1,-1,0,1,''
151,'Simpsons - Crystal Dark','Grain',0.0,74.0,80.0,'false','UK','','',1.0,5.3,0.0,12.0,10.0,'true','false',0.0,-1,-1,0,1,''
152,'Simpsons - Crystal Extra Dark','Grain',0.0,74.0,160.0,'false','UK','','',1.0,5.0,0.0,12.0,10.0,'true','false',0.0,-1,-1,0,1,''
153,'Simpsons - Crystal Medium','Grain',0.0,74.0,55.0,'false','UK','','',1.0,4.7,0.0,12.0,20.0,'true','false',0.0,-1,-1,0,1,''
154,'Simpsons - Crystal Rye','Grain',0.0,73.0,90.0,'false','UK','','',1.0,3.1,0.0,12.0,5.0,'true','false',0.0,-1,-1,0,1,''
155,'Simpsons - Golden Naked Oats','Grain',0.0,73.0,10.0,'false','UK','','',1.0,4.5,0.0,12.0,15.0,'true','true',0.0,-1,-1,0,1,''
156,'Simpsons - Golden Promise','Grain',0.0,81.0,2.0,'false','UK','','',1.0,3.5,120.0,12.0,100.0,'true','true',0.0,-1,-1,0,1,''
157,'Simpsons - Maris Otter','Grain',0.0,81.0,3.0,'false','UK','','',1.0,3.0,120.0,10.0,100.0,'true','true',0.0,-1,-1,0,1,''
158,'Simpsons - Peated Malt','Grain',0.0,81.0,2.5,'false','UK','','Phenol level 12-24',1.0,4.6,120.0,12.0,10.0,'true','true',0.0,-1,-1,0,1,''
159,'Simpsons - Roasted Barley','Grain',0.0,70.0,550.0,'false','UK','','',1.0,1.9,0.0,12.0,10.0,'true','false',0.0,-1,-1,0,1,''
160,'Smoked Malt','Grain',0.0,80.0,9.0,'false','Germany','','',0.0,0.0,0.0,0.0,100.0,'true','true',0.0,-1,-1,0,1,''
161,'Special B Malt','Grain',0.0,65.2,160.0,'false','Belgium','','Special B refers to a type of dark, flavorful crystal malt traditionally malted in Belgium. In small amounts, it gives a unique flavor to the finished beer that is often compared to raisins or dried fruit. This malt is always dark, but the color and flavor vary more than most other malt styles; most of the commonly available varieties are in the 110-160 L range, but it may be even darker. Don''t depend on this software to calculate the color of your beer correctly, since it may be expecting a much darker malt than you are actually using; some older sources assume Special B will be over 200 or even up to 300 L. While some sources still claim that Special B must be mashed, it is a crystal malt and can be steeped with an extract batch without adding significant protein to the beer.',0.0,0.0,0.0,0.0,10.0,'true','true',0.0,-1,-1,0,1,''
162,'Special Roast','Grain',0.0,72.0,50.0,'false','US','Briess','Special Roast Malt is a specially processed malt from the American maltster, Briess. It is kilned using 6 row barley and it appears to be Victory Malt turned up a notch. Flavor: Toasty, Strong Biscuit, Sour Dough, Tangy. Any non-straw colored beer where roasty, toasty flavors are acceptable is a good candidate for this malt. Porters and Nut Brown Ales could take a good helping of this malt, and smaller amounts (less than 8 ounces) would work in Viennas, Märzens, and Alt beers.',0.0,0.0,0.0,0.0,10.0,'true','true',0.0,-1,-1,0,1,''
163,'Sugar, Table (Sucrose)','Sugar',0.0,100.0,1.0,'false','US','','',0.0,0.0,0.0,0.0,10.0,'false','false',0.0,-1,-1,0,1,''
164,'Toasted Malt','Grain',0.0,71.7,27.0,'false','United Kingdom','','Adds reddish hue without sweetness associated with caramelized malts.',0.0,0.0,0.0,0.0,10.0,'true','true',0.0,-1,-1,0,1,''
165,'Turbinado','Sugar',0.0,95.7,10.0,'false','United Kingdom','','',0.0,0.0,0.0,0.0,10.0,'false','false',0.0,-1,-1,0,1,''
166,'Victory Malt','Grain',0.0,73.0,25.0,'false','US','','Imparts a toasty/nutty/biscuit/bread flavor, and adds head retention. Use in nut browns and other darker beers.',0.0,0.0,0.0,0.0,15.0,'true','true',0.0,-1,-1,0,1,''
167,'Vienna Malt','Grain',0.0,78.0,4.0,'false','Germany','','Vienna Malt is a kiln-dried barley malt darker than pale ale malt, but not as dark as Munich Malt. It imparts a golden to orange color and a distinctive toast or biscuit malt aroma to the beer. Vienna malt traditionally makes up up to 100% of the grist of Vienna Lager and the bulk of the related Märzen style. Other beer styles sometimes use Vienna malt to add malty complexity and light toasty notes to lighter base malts, or to lighten the grist of a beer brewed with mostly Munich malt. Examples include Baltic Porter, Dunkelweizen, and most styles of Bock.',0.0,0.0,0.0,0.0,90.0,'true','true',0.0,-1,-1,0,1,''
168,'Weyermann - Acidulated Malt','Grain',0.0,80.0,3.2,'false','Germany','','',1.0,7.0,120.0,12.0,10.0,'true','true',0.0,-1,-1,0,1,''
169,'Weyermann - Bohemian Pilsner Malt','Grain',0.0,81.0,2.1,'false','Germany','','',1.0,5.0,120.0,10.8,100.0,'true','true',0.0,-1,-1,0,1,''
170,'Weyermann - Carafa I','Grain',0.0,70.0,350.0,'false','Germany','','',1.0,3.5,0.0,12.0,5.0,'true','false',0.0,-1,-1,0,1,''
171,'Weyermann - Carafa II','Grain',0.0,70.0,425.0,'false','Germany','','',1.0,3.5,0.0,12.0,5.0,'true','false',0.0,-1,-1,0,1,''
172,'Weyermann - Carafa III','Grain',0.0,70.0,520.0,'false','Germany','','',1.0,3.5,0.0,12.0,5.0,'true','false',0.0,-1,-1,0,1,''
173,'Weyermann - Carafoam','Grain',0.0,81.0,2.4,'false','Germany','','',1.0,6.5,0.0,12.0,40.0,'true','false',0.0,-1,-1,0,1,''
174,'Weyermann - Carawheat','Grain',0.0,77.0,49.0,'false','Germany','','',1.0,4.0,0.0,12.0,15.0,'true','false',0.0,-1,-1,0,1,''
175,'Weyermann - Chocolate Rye','Grain',0.0,20.0,250.0,'false','Germany','','',1.0,4.0,0.0,12.0,5.0,'true','false',0.0,-1,-1,0,1,''
176,'Weyermann - Chocolate Wheat','Grain',0.0,74.0,400.0,'false','Germany','','',1.0,4.5,0.0,12.0,5.0,'true','false',0.0,-1,-1,0,1,''
177,'Weyermann - Dark Wheat Malt','Grain',0.0,85.0,7.3,'false','Germany','','',1.0,5.0,60.0,12.0,50.0,'true','true',0.0,-1,-1,0,1,''
178,'Weyermann - Dehusked Carafa I','Grain',0.0,70.0,350.0,'false','Germany','','',1.0,3.5,0.0,12.0,5.0,'true','false',0.0,-1,-1,0,1,''
179,'Weyermann - Dehusked Carafa II','Grain',0.0,70.0,425.0,'false','Germany','','',1.0,3.5,0.0,12.0,5.0,'true','false',0.0,-1,-1,0,1,''
180,'Weyermann - Dehusked Carafa III','Grain',0.0,70.0,520.0,'false','Germany','','',1.0,3.5,0.0,12.0,5.0,'true','false',0.0,-1,-1,0,1,''
181,'Weyermann - Light Munich Malt','Grain',0.0,82.0,6.9,'false','Germany','','',1.0,4.5,60.0,12.0,100.0,'true','true',0.0,-1,-1,0,1,''
182,'Weyermann - Melanoiden Malt','Grain',0.0,81.0,27.0,'false','Germany','','',1.0,4.5,0.0,12.0,20.0,'true','true',0.0,-1,-1,0,1,''
183,'Weyermann - Pale Ale Malt','Grain',0.0,85.0,3.4,'false','Germany','','',1.0,5.0,120.0,12.0,100.0,'true','true',0.0,-1,-1,0,1,''
184,'Weyermann - Pale Wheat Malt','Grain',0.0,85.0,2.4,'false','Germany','','',1.0,5.0,60.0,12.0,80.0,'true','true',0.0,-1,-1,0,1,''
185,'Weyermann - Pilsner Malt','Grain',0.0,81.0,2.4,'false','Germany','','',1.0,5.0,120.0,11.0,100.0,'true','true',0.0,-1,-1,0,1,''
186,'Weyermann - Rye Malt','Grain',0.0,85.0,3.6,'false','Germany','','',1.0,5.0,120.0,11.0,50.0,'true','true',0.0,-1,-1,0,1,''
187,'Weyermann - Smoked Malt','Grain',0.0,81.0,2.8,'false','Germany','','',1.0,5.0,120.0,11.5,100.0,'true','true',0.0,-1,-1,0,1,''
188,'Weyermann - Vienna Malt','Grain',0.0,81.0,3.9,'false','Germany','','',1.0,5.0,60.0,12.0,100.0,'true','true',0.0,-1,-1,0,1,''
189,'Wheat Malt, Bel','Grain',0.0,81.0,2.0,'false','Belgium','','Use in wheat beers.',0.0,0.0,0.0,0.0,60.0,'true','true',0.0,-1,-1,0,1,''
190,'Wheat Malt, Dark','Grain',0.0,84.0,9.0,'false','Germany','','Use in wheat beers.',0.0,0.0,0.0,0.0,20.0,'true','true',0.0,-1,-1,0,1,''
191,'Wheat Malt, Ger','Grain',0.0,84.0,2.0,'false','Germany','','Use in wheat beers.',0.0,0.0,0.0,0.0,60.0,'true','true',0.0,-1,-1,0,1,''
192,'Wheat, Flaked','Grain',0.0,77.0,2.0,'false','US','','Flaked wheat is not malted, therefore requires extra effort to extract it''s potential sugar content, which will be lower than malted wheat. Flaked wheat is traditional in Belgian witbier and lambics, it contains more starch and higher levels of protein than malted wheat. It adds more mouthfeel than malted wheat and has a different taste, which is noticeable when used in larger quantities. If the grain bill consists of more than 25% flaked wheat you should consider a cereal mash, or precooking the wheat in order to gelatinize it so you can extract more sugars out of it. The addion of 6-row can aid conversion since the barley contains a higher percentage of enzymes than 2-row.',0.0,0.0,0.0,0.0,40.0,'true','true',0.0,-1,-1,0,1,''
193,'Wheat, Roasted','Grain',0.0,54.3,425.0,'false','Germany','','',0.0,0.0,0.0,0.0,10.0,'true','true',0.0,-1,-1,0,1,''
194,'Wheat, Torrified','Grain',0.0,79.0,2.0,'false','US','','Torrified wheat is unmalted wheat that has been heated very quickly to get the kernel to puff up, kind of like popcorn. Torrified wheat adds a different flavor to the beer and the grain is gelatinized so you don''t have to cook it.',0.0,0.0,0.0,0.0,40.0,'true','true',0.0,-1,-1,0,1,''
195,'White Wheat Malt','Grain',0.0,86.0,2.0,'false','US','','',0.0,0.0,0.0,0.0,60.0,'true','true',0.0,-1,-1,0,1,''
196,'Briess - 2 Row Brewers Malt','Grain',4.762719885,80.5,2.0,'false','US','','',1.0,4.0,140.0,12.0,100.0,'true','true',0.0,-1,-1,0,0,''
197,'Caramel/Crystal Malt - 10L','Grain',0.226796185,75.0,10.0,'false','US','','This Light Crystal malt will lend body and mouth feel with a minimum of color, much like Carapils, but with a light caramel sweetness.',0.0,0.0,0.0,0.0,20.0,'false','true',0.0,-1,-1,0,0,''
198,'Briess - 2 Row Brewers Malt','Grain',4.08233133,80.5,2.0,'false','US','','',1.0,4.0,140.0,12.0,100.0,'true','true',0.0,-1,-1,0,0,''
199,'Weyermann - Light Munich Malt','Grain',0.5669904625,82.0,6.9,'false','Germany','','',1.0,4.5,60.0,12.0,100.0,'true','true',0.0,-1,-1,0,0,''
200,'Caramel/Crystal Malt - 40L','Grain',0.45359237,74.0,40.0,'false','US','','This Pale Crystal malt will lend a balance of medium caramel color, flavor, and body.',0.0,0.0,0.0,0.0,20.0,'false','true',0.0,-1,-1,0,0,''
201,'Briess - Victory Malt','Grain',0.226796185,73.0,10.0,'false','US','','',1.0,2.5,0.0,13.0,25.0,'true','true',0.0,-1,-1,0,0,''
202,'Briess - Chocolate Malt','Grain',0.0566990462,73.0,350.0,'false','US','','',1.0,6.0,0.0,13.0,10.0,'true','true',0.0,-1,-1,0,0,''
203,'Simpsons - Maris Otter','Grain',5.216312255,81.0,3.0,'false','UK','','',1.0,3.0,120.0,10.0,100.0,'true','true',0.0,-1,-1,0,0,''
204,'Caramel/Crystal Malt - 10L','Grain',0.2267961848,75.0,10.0,'false','US','','This Light Crystal malt will lend body and mouth feel with a minimum of color, much like Carapils, but with a light caramel sweetness.',0.0,0.0,0.0,0.0,20.0,'false','true',0.0,-1,-1,0,0,''
205,'Caramel/Crystal Malt - 120L','Grain',0.1133980925,72.0,120.0,'false','US','','Dark Crystal will lend a complex sharp caramel flavor and aroma to beers. Used in smaller quantities this malt will add color and slight sweetness to beers, while heavier concentrations are well suited to strong beers.',0.0,0.0,0.0,0.0,20.0,'false','true',0.0,-1,-1,0,0,''
206,'Simpsons - Maris Otter','Grain',2.72155422,81.0,3.0,'false','UK','','',1.0,3.0,120.0,10.0,100.0,'true','true',0.0,-1,-1,0,0,''
207,'Briess - Munich Malt 10L','Grain',0.226796185,76.0,10.0,'false','US','','',1.0,3.3,30.0,13.0,50.0,'true','true',0.0,-1,-1,0,0,''
208,'Caramel/Crystal Malt - 40L','Grain',0.45359237,74.0,40.0,'false','US','','This Pale Crystal malt will lend a balance of medium caramel color, flavor, and body.',0.0,0.0,0.0,0.0,20.0,'false','true',0.0,-1,-1,0,0,''
209,'Caramel/Crystal Malt - 120L','Grain',0.1133980925,72.0,120.0,'false','US','','Dark Crystal will lend a complex sharp caramel flavor and aroma to beers. Used in smaller quantities this malt will add color and slight sweetness to beers, while heavier concentrations are well suited to strong beers.',0.0,0.0,0.0,0.0,20.0,'false','true',0.0,-1,-1,0,0,''
210,'Honey Malt','Grain',0.226796185,80.0,25.0,'false','Canada','','This Canadian malt imparts a honey-like flavor. It also also sometimes called Brumalt. 
Intensely sweet - adds a sweet malty flavor sometimes associated with honey. ',2.0,3.8,0.0,10.5,10.0,'true','true',0.0,-1,-1,0,0,''
211,'Simpsons - Chocolate Malt','Grain',0.0566990462,73.0,400.0,'false','UK','','',1.0,1.9,0.0,12.0,20.0,'true','true',0.0,-1,-1,0,0,''
212,'Briess - 2 Row Brewers Malt','Grain',4.5359237,80.5,2.0,'false','US','','',1.0,4.0,140.0,12.0,100.0,'true','true',0.0,-1,-1,0,0,''
213,'Briess - Victory Malt','Grain',0.3401942775,73.0,10.0,'false','US','','',1.0,2.5,0.0,13.0,25.0,'true','true',0.0,-1,-1,0,0,''
214,'Briess - Wheat Malt, White','Grain',0.226796185,86.0,2.6,'false','US','','',0.6,5.0,190.0,11.5,40.0,'true','true',0.0,-1,-1,0,0,''
215,'Caramel/Crystal Malt - 40L','Grain',0.3401942772,74.0,40.0,'false','US','','This Pale Crystal malt will lend a balance of medium caramel color, flavor, and body.',0.0,0.0,0.0,0.0,20.0,'false','true',0.0,-1,-1,0,0,''
216,'Briess - Munich Malt 10L','Grain',0.3401942772,76.0,10.0,'false','US','','',1.0,3.3,30.0,13.0,50.0,'true','true',0.0,-1,-1,0,0,''
217,'Simpsons - Maris Otter','Grain',4.08233133,81.0,3.0,'false','UK','','',1.0,3.0,120.0,10.0,100.0,'true','true',0.0,-1,-1,0,0,''
218,'Simpsons - Chocolate Malt','Grain',0.1133980924,73.0,400.0,'false','UK','','',1.0,1.9,0.0,12.0,20.0,'true','true',0.0,-1,-1,0,0,''
219,'Caramel/Crystal Malt - 40L','Grain',0.2267961848,74.0,40.0,'false','US','','This Pale Crystal malt will lend a balance of medium caramel color, flavor, and body.',0.0,0.0,0.0,0.0,20.0,'false','true',0.0,-1,-1,0,0,''
220,'Briess - Victory Malt','Grain',0.2267961848,73.0,10.0,'false','US','','',1.0,2.5,0.0,13.0,25.0,'true','true',0.0,-1,-1,0,0,''
221,'Briess - Special Roast Malt','Grain',0.3401942772,72.0,50.0,'false','US','','',1.0,2.5,0.0,13.0,50.0,'true','true',0.0,-1,-1,0,0,''
222,'Briess - 2 Row Brewers Malt','Grain',4.762719885,80.5,2.0,'false','US','','',1.0,4.0,140.0,12.0,100.0,'true','true',0.0,-1,-1,0,0,''
223,'Briess - Munich Malt 10L','Grain',0.680388555,76.0,10.0,'false','US','','',1.0,3.3,30.0,13.0,50.0,'true','true',0.0,-1,-1,0,0,''
224,'Caramel/Crystal Malt - 40L','Grain',0.45359237,74.0,40.0,'false','US','','This Pale Crystal malt will lend a balance of medium caramel color, flavor, and body.',0.0,0.0,0.0,0.0,20.0,'false','true',0.0,-1,-1,0,0,''
225,'Simpsons - Black Malt','Grain',0.226796185,70.0,550.0,'false','UK','','',1.0,3.0,0.0,12.0,10.0,'true','true',0.0,-1,-1,0,0,''
226,'Simpsons - Chocolate Malt','Grain',0.3401942772,73.0,400.0,'false','UK','','',1.0,1.9,0.0,12.0,20.0,'true','true',0.0,-1,-1,0,0,''
227,'Simpsons - Maris Otter','Grain',3.855535145,81.0,3.0,'false','UK','','',1.0,3.0,120.0,10.0,100.0,'true','true',0.0,-1,-1,0,0,''
228,'Simpsons - Chocolate Malt','Grain',0.3401942772,73.0,400.0,'false','UK','','',1.0,1.9,0.0,12.0,20.0,'true','true',0.0,-1,-1,0,0,''
229,'Simpsons - Black Malt','Grain',0.2267961848,70.0,550.0,'false','UK','','',1.0,3.0,0.0,12.0,10.0,'true','true',0.0,-1,-1,0,0,''
230,'Oats, Flaked','Grain',0.45359237,80.0,1.0,'false','US','','Oats will improve mouth feel and add a creamy head. Commonly used in Oatmeal Stout.',0.0,0.0,0.0,0.0,30.0,'true','true',0.0,-1,-1,0,0,''
231,'Caramel/Crystal Malt - 80L','Grain',0.2267961848,74.0,80.0,'false','US','','This Crystal malt will lend a well a pronounced caramel flavor, color and sweetness.',0.0,0.0,0.0,0.0,20.0,'false','true',0.0,-1,-1,0,0,''
232,'Briess - Victory Malt','Grain',0.3401942772,73.0,10.0,'false','US','','',1.0,2.5,0.0,13.0,25.0,'true','true',0.0,-1,-1,0,0,''
233,'Briess - 2 Row Brewers Malt','Grain',5.44310844,80.5,2.0,'false','US','','',1.0,4.0,140.0,12.0,100.0,'true','true',0.0,-1,-1,0,0,''
234,'Briess - Munich Malt 10L','Grain',0.3401942772,76.0,10.0,'false','US','','',1.0,3.3,30.0,13.0,50.0,'true','true',0.0,-1,-1,0,0,''
235,'Caramel/Crystal Malt - 10L','Grain',0.45359237,75.0,10.0,'false','US','','This Light Crystal malt will lend body and mouth feel with a minimum of color, much like Carapils, but with a light caramel sweetness.',0.0,0.0,0.0,0.0,20.0,'false','true',0.0,-1,-1,0,0,''
236,'Caramel/Crystal Malt - 40L','Grain',0.1133980925,74.0,40.0,'false','US','','This Pale Crystal malt will lend a balance of medium caramel color, flavor, and body.',0.0,0.0,0.0,0.0,20.0,'false','true',0.0,-1,-1,0,0,''
237,'Weyermann - Pilsner Malt','Grain',2.3813599425,81.0,2.4,'false','Germany','','',1.0,5.0,120.0,11.0,100.0,'true','true',0.0,-1,-1,0,0,''
238,'Weyermann - Pale Wheat Malt','Grain',2.3813599425,85.0,2.4,'false','Germany','','',1.0,5.0,60.0,12.0,80.0,'true','true',0.0,-1,-1,0,0,''
239,'Weyermann - Pilsner Malt','Grain',5.216312255,81.0,2.4,'false','Germany','','',1.0,5.0,120.0,11.0,100.0,'true','true',0.0,-1,-1,0,0,''
240,'Weyermann - Pale Wheat Malt','Grain',0.3401942772,85.0,2.4,'false','Germany','','',1.0,5.0,60.0,12.0,80.0,'true','true',0.0,-1,-1,0,0,''
241,'Briess - Munich Malt 10L','Grain',0.3401942772,76.0,10.0,'false','US','','',1.0,3.3,30.0,13.0,50.0,'true','true',0.0,-1,-1,0,0,''
242,'Caramunich Malt','Grain',0.0566990462,71.7,56.0,'false','Belgium','','Use Caramunich for a deeper color, caramelized sugars and contribute a rich malt aroma.',0.0,0.0,0.0,0.0,10.0,'false','true',0.0,-1,-1,0,0,''
243,'Weyermann - Pilsner Malt','Grain',1.81436948,81.0,2.4,'false','Germany','','',1.0,5.0,120.0,11.0,100.0,'true','true',0.0,-1,-1,0,0,''
244,'Weyermann - Pale Wheat Malt','Grain',1.36077711,85.0,2.4,'false','Germany','','',1.0,5.0,60.0,12.0,80.0,'true','true',0.0,-1,-1,0,0,''
245,'Weyermann - Pilsner Malt','Grain',4.98951607,81.0,2.4,'false','Germany','','',1.0,5.0,120.0,11.0,100.0,'true','true',0.0,-1,-1,0,0,''
246,'Weyermann - Pale Wheat Malt','Grain',0.226796185,85.0,2.4,'false','Germany','','',1.0,5.0,60.0,12.0,80.0,'true','true',0.0,-1,-1,0,0,''
247,'Sugar, Table (Sucrose)','Sugar',0.680388555,100.0,1.0,'false','US','','',0.0,0.0,0.0,0.0,10.0,'false','false',0.0,-1,-1,0,0,''
248,'Simpsons - Aromatic Malt','Grain',0.226796185,82.5,25.0,'false','UK','','',1.0,5.0,0.0,12.0,5.0,'true','true',0.0,-1,-1,0,0,''
249,'Briess - 2 Row Carapils Malt','Grain',0.0,73.0,1.5,'false','US','','',1.0,6.5,0.0,13.0,5.0,'true','false',0.0,-1,-1,0,0,''
250,'Briess - Chocolate Malt','Grain',0.0566990462,73.0,350.0,'false','US','','',1.0,6.0,0.0,13.0,10.0,'true','true',0.0,-1,-1,0,0,''
251,'Caramel/Crystal Malt - 10L','Grain',0.45359237,75.0,10.0,'false','US','','This Light Crystal malt will lend body and mouth feel with a minimum of color, much like Carapils, but with a light caramel sweetness.',0.0,0.0,0.0,0.0,20.0,'false','true',0.0,-1,-1,0,0,''
252,'Caramel/Crystal Malt - 80L','Grain',0.45359237,74.0,80.0,'false','US','','This Crystal malt will lend a well a pronounced caramel flavor, color and sweetness.',0.0,0.0,0.0,0.0,20.0,'false','true',0.0,-1,-1,0,0,''
253,'Special B Malt','Grain',0.1133980924,65.2,160.0,'false','Belgium','','Special B refers to a type of dark, flavorful crystal malt traditionally malted in Belgium. In small amounts, it gives a unique flavor to the finished beer that is often compared to raisins or dried fruit. This malt is always dark, but the color and flavor vary more than most other malt styles; most of the commonly available varieties are in the 110-160 L range, but it may be even darker. Don''t depend on this software to calculate the color of your beer correctly, since it may be expecting a much darker malt than you are actually using; some older sources assume Special B will be over 200 or even up to 300 L. While some sources still claim that Special B must be mashed, it is a crystal malt and can be steeped with an extract batch without adding significant protein to the beer.',0.0,0.0,0.0,0.0,10.0,'true','true',0.0,-1,-1,0,0,''
254,'Briess - 2 Row Brewers Malt','Grain',9.97903214,80.5,2.0,'false','US','','',1.0,4.0,140.0,12.0,100.0,'true','true',0.0,-1,-1,0,0,''
255,'Corn Sugar (Dextrose)','Sugar',0.45359237,100.0,0.0,'false','US','','',0.0,0.0,0.0,0.0,5.0,'false','false',0.0,-1,-1,0,0,''
256,'Rauch Malt (Germany)','Grain',2.26796185,81.0,3.0,'false','Germany','','German malt is smoked over a beechwood fire for a drier, sharper, obvious more wood-smoked flavor. Imparts a distinct smoked character for German Rauch beers.',0.0,0.0,0.0,10.0,100.0,'false','true',0.0,-1,-1,0,0,''
257,'Weyermann - Pilsner Malt','Grain',2.494758035,81.0,2.4,'false','Germany','','',1.0,5.0,120.0,11.0,100.0,'true','true',0.0,-1,-1,0,0,''
258,'Weyermann - Pale Wheat Malt','Grain',0.0,85.0,2.4,'false','Germany','','',1.0,5.0,60.0,12.0,80.0,'true','true',0.0,-1,-1,0,0,''
259,'Briess - Munich Malt 10L','Grain',0.3401942772,76.0,10.0,'false','US','','',1.0,3.3,30.0,13.0,50.0,'true','true',0.0,-1,-1,0,0,''
260,'Caramunich Malt','Grain',0.3401942772,71.7,56.0,'false','Belgium','','Use Caramunich for a deeper color, caramelized sugars and contribute a rich malt aroma.',0.0,0.0,0.0,0.0,10.0,'false','true',0.0,-1,-1,0,0,''
261,'Simpsons - Black Malt','Grain',0.0566990462,70.0,550.0,'false','UK','','',1.0,3.0,0.0,12.0,10.0,'true','true',0.0,-1,-1,0,0,''
262,'Weyermann - Melanoiden Malt','Grain',0.1133980924,81.0,27.0,'false','Germany','','',1.0,4.5,0.0,12.0,20.0,'true','true',0.0,-1,-1,0,0,''
263,'Weyermann - Smoked Malt','Grain',2.26796185,81.0,2.8,'false','Germany','','',1.0,5.0,120.0,11.5,100.0,'true','true',0.0,-1,-1,0,0,''
264,'Briess DME - Golden Light','Dry Extract',2.540117272,95.0,4.0,'false','US','','',0.0,0.0,0.0,0.0,100.0,'false','false',0.0,-1,-1,0,0,''
265,'Caramel/Crystal Malt - 10L','Grain',0.2267961848,75.0,10.0,'false','US','','This Light Crystal malt will lend body and mouth feel with a minimum of color, much like Carapils, but with a light caramel sweetness.',0.0,0.0,0.0,0.0,20.0,'false','false',0.0,-1,-1,0,0,''
266,'Briess DME - Golden Light','Dry Extract',2.1545637575,95.0,4.0,'false','US','','',0.0,0.0,0.0,0.0,100.0,'false','false',0.0,-1,-1,0,0,''
267,'Briess LME - Munich','Extract',0.45359237,78.0,8.0,'false','US','','',0.0,0.0,0.0,0.0,100.0,'false','false',0.0,-1,-1,0,0,''
268,'Caramel/Crystal Malt - 40L','Grain',0.45359237,74.0,40.0,'false','US','','This Pale Crystal malt will lend a balance of medium caramel color, flavor, and body.',0.0,0.0,0.0,0.0,20.0,'false','false',0.0,-1,-1,0,0,''
269,'Briess - Victory Malt','Grain',0.2267961848,73.0,10.0,'false','US','','',1.0,2.5,0.0,13.0,25.0,'true','false',0.0,-1,-1,0,0,''
270,'Briess - Chocolate Malt','Grain',0.0566990462,73.0,350.0,'false','US','','',1.0,6.0,0.0,13.0,10.0,'true','false',0.0,-1,-1,0,0,''
271,'Muntons DME - Light','Dry Extract',2.8349523125,95.0,4.0,'false','US','','',0.0,0.0,0.0,0.0,100.0,'false','false',0.0,-1,-1,0,0,''
272,'Caramel/Crystal Malt - 10L','Grain',0.2267961848,75.0,10.0,'false','US','','This Light Crystal malt will lend body and mouth feel with a minimum of color, much like Carapils, but with a light caramel sweetness.',0.0,0.0,0.0,0.0,20.0,'false','false',0.0,-1,-1,0,0,''
273,'Caramel/Crystal Malt - 120L','Grain',0.1133980924,72.0,120.0,'false','US','','Dark Crystal will lend a complex sharp caramel flavor and aroma to beers. Used in smaller quantities this malt will add color and slight sweetness to beers, while heavier concentrations are well suited to strong beers.',0.0,0.0,0.0,0.0,20.0,'false','false',0.0,-1,-1,0,0,''
274,'Muntons DME - Light','Dry Extract',1.81436948,95.0,4.0,'false','US','','',0.0,0.0,0.0,0.0,100.0,'false','false',0.0,-1,-1,0,0,''
275,'Briess LME - Munich','Extract',0.0850485693,78.0,8.0,'false','US','','',0.0,0.0,0.0,0.0,100.0,'false','false',0.0,-1,-1,0,0,''
276,'Caramel/Crystal Malt - 40L','Grain',0.45359237,74.0,40.0,'false','US','','This Pale Crystal malt will lend a balance of medium caramel color, flavor, and body.',0.0,0.0,0.0,0.0,20.0,'false','false',0.0,-1,-1,0,0,''
277,'Caramel/Crystal Malt - 120L','Grain',0.1133980924,72.0,120.0,'false','US','','Dark Crystal will lend a complex sharp caramel flavor and aroma to beers. Used in smaller quantities this malt will add color and slight sweetness to beers, while heavier concentrations are well suited to strong beers.',0.0,0.0,0.0,0.0,20.0,'false','false',0.0,-1,-1,0,0,''
278,'Briess - Chocolate Malt','Grain',0.0,73.0,350.0,'false','US','','',1.0,6.0,0.0,13.0,10.0,'true','false',0.0,-1,-1,0,0,''
279,'Simpsons - Chocolate Malt','Grain',0.0850485693,73.0,400.0,'false','UK','','',1.0,1.9,0.0,12.0,20.0,'true','false',0.0,-1,-1,0,0,''
280,'Honey Malt','Grain',0.226796185,80.0,25.0,'false','Canada','','This Canadian malt imparts a honey-like flavor. It also also sometimes called Brumalt. 
Intensely sweet - adds a sweet malty flavor sometimes associated with honey. ',2.0,3.8,0.0,10.5,10.0,'true','false',0.0,-1,-1,0,0,''
281,'Briess DME - Golden Light','Dry Extract',2.26796185,95.0,4.0,'false','US','','',0.0,0.0,0.0,0.0,100.0,'false','false',0.0,-1,-1,0,0,''
282,'Briess LME - Munich','Extract',0.1700971386,78.0,8.0,'false','US','','',0.0,0.0,0.0,0.0,100.0,'false','false',0.0,-1,-1,0,0,''
283,'Briess DME - Bavarian Wheat','Dry Extract',0.1700971386,95.0,3.0,'false','US','','',0.0,0.0,0.0,0.0,100.0,'false','false',0.0,-1,-1,0,0,''
284,'Briess - Victory Malt','Grain',0.3401942775,73.0,10.0,'false','US','','',1.0,2.5,0.0,13.0,25.0,'true','false',0.0,-1,-1,0,0,''
285,'Briess - Victory Malt','Grain',0.226796185,73.0,10.0,'false','US','','',1.0,2.5,0.0,13.0,25.0,'true','false',0.0,-1,-1,0,0,''
286,'Caramel/Crystal Malt - 40L','Grain',0.226796185,74.0,40.0,'false','US','','This Pale Crystal malt will lend a balance of medium caramel color, flavor, and body.',0.0,0.0,0.0,0.0,20.0,'false','false',0.0,-1,-1,0,0,''
287,'Simpsons - Chocolate Malt','Grain',0.1133980925,73.0,400.0,'false','UK','','',1.0,1.9,0.0,12.0,20.0,'true','false',0.0,-1,-1,0,0,''
288,'Special Roast','Grain',0.3401942775,72.0,50.0,'false','US','Briess','Special Roast Malt is a specially processed malt from the American maltster, Briess. It is kilned using 6 row barley and it appears to be Victory Malt turned up a notch. Flavor: Toasty, Strong Biscuit, Sour Dough, Tangy. Any non-straw colored beer where roasty, toasty flavors are acceptable is a good candidate for this malt. Porters and Nut Brown Ales could take a good helping of this malt, and smaller amounts (less than 8 ounces) would work in Viennas, Märzens, and Alt beers.',0.0,0.0,0.0,0.0,10.0,'true','false',0.0,-1,-1,0,0,''
289,'Muntons DME - Light','Dry Extract',2.26796185,95.0,4.0,'false','US','','',0.0,0.0,0.0,0.0,100.0,'false','false',0.0,-1,-1,0,0,''
290,'Caramel/Crystal Malt - 40L','Grain',0.45359237,74.0,40.0,'false','US','','This Pale Crystal malt will lend a balance of medium caramel color, flavor, and body.',0.0,0.0,0.0,0.0,20.0,'false','false',0.0,-1,-1,0,0,''
291,'Simpsons - Chocolate Malt','Grain',0.3401942775,73.0,400.0,'false','UK','','',1.0,1.9,0.0,12.0,20.0,'true','false',0.0,-1,-1,0,0,''
292,'Simpsons - Black Malt','Grain',0.226796185,70.0,550.0,'false','UK','','',1.0,3.0,0.0,12.0,10.0,'true','false',0.0,-1,-1,0,0,''
293,'Briess LME - Munich','Extract',0.45359237,78.0,8.0,'false','US','','',0.0,0.0,0.0,0.0,100.0,'false','false',0.0,-1,-1,0,0,''
294,'Briess DME - Golden Light','Dry Extract',2.6081561275,95.0,4.0,'false','US','','',0.0,0.0,0.0,0.0,100.0,'false','false',0.0,-1,-1,0,0,''
295,'Oats, Flaked','Grain',0.45359237,80.0,1.0,'false','US','','Oats will improve mouth feel and add a creamy head. Commonly used in Oatmeal Stout.',0.0,0.0,0.0,0.0,30.0,'true','false',0.0,-1,-1,0,0,''
296,'Simpsons - Chocolate Malt','Grain',0.3401942775,73.0,400.0,'false','UK','','',1.0,1.9,0.0,12.0,20.0,'true','false',0.0,-1,-1,0,0,''
297,'Briess - Victory Malt','Grain',0.3401942775,73.0,10.0,'false','US','','',1.0,2.5,0.0,13.0,25.0,'true','false',0.0,-1,-1,0,0,''
298,'Caramel/Crystal Malt - 80L','Grain',0.226796185,74.0,80.0,'false','US','','This Crystal malt will lend a well a pronounced caramel flavor, color and sweetness.',0.0,0.0,0.0,0.0,20.0,'false','false',0.0,-1,-1,0,0,''
299,'Simpsons - Black Malt','Grain',0.226796185,70.0,550.0,'false','UK','','',1.0,3.0,0.0,12.0,10.0,'true','false',0.0,-1,-1,0,0,''
300,'Muntons DME - Light','Dry Extract',2.6081561275,95.0,4.0,'false','US','','',0.0,0.0,0.0,0.0,100.0,'false','false',0.0,-1,-1,0,0,''
301,'Caramel/Crystal Malt - 10L','Grain',0.45359237,75.0,10.0,'false','US','','This Light Crystal malt will lend body and mouth feel with a minimum of color, much like Carapils, but with a light caramel sweetness.',0.0,0.0,0.0,0.0,20.0,'false','false',0.0,-1,-1,0,0,''
302,'Caramel/Crystal Malt - 40L','Grain',0.1133980925,74.0,40.0,'false','US','','This Pale Crystal malt will lend a balance of medium caramel color, flavor, and body.',0.0,0.0,0.0,0.0,20.0,'false','false',0.0,-1,-1,0,0,''
303,'Briess DME - Golden Light','Dry Extract',3.2885446825,95.0,4.0,'false','US','','',0.0,0.0,0.0,0.0,100.0,'false','false',0.0,-1,-1,0,0,''
304,'Briess LME - Munich','Extract',0.226796185,78.0,8.0,'false','US','','',0.0,0.0,0.0,0.0,100.0,'false','false',0.0,-1,-1,0,0,''
305,'Briess DME - Bavarian Wheat','Dry Extract',2.72155422,95.0,3.0,'false','US','','',0.0,0.0,0.0,0.0,100.0,'false','false',0.0,-1,-1,0,0,''
306,'Sugar, Table (Sucrose)','Sugar',0.45359237,100.0,1.0,'false','US','','',0.0,0.0,0.0,0.0,10.0,'false','false',0.0,-1,-1,0,0,''
307,'Briess DME - Bavarian Wheat','Dry Extract',0.226796185,95.0,3.0,'false','US','','',0.0,0.0,0.0,0.0,100.0,'false','false',0.0,-1,-1,0,0,''
308,'Briess LME - Munich','Extract',0.226796185,78.0,8.0,'false','US','','',0.0,0.0,0.0,0.0,100.0,'false','false',0.0,-1,-1,0,0,''
309,'Caramunich Malt','Grain',0.0566990462,71.7,56.0,'false','Belgium','','Use Caramunich for a deeper color, caramelized sugars and contribute a rich malt aroma.',0.0,0.0,0.0,0.0,10.0,'false','false',0.0,-1,-1,0,0,''
310,'Briess DME - Pilsen Light','Dry Extract',2.494758035,95.0,2.0,'false','US','','',0.0,0.0,0.0,0.0,100.0,'false','false',0.0,-1,-1,0,0,''
311,'Briess DME - Pilsen Light','Dry Extract',0.90718474,95.0,2.0,'false','US','','',0.0,0.0,0.0,0.0,100.0,'false','false',0.0,-1,-1,0,0,''
312,'Briess DME - Bavarian Wheat','Dry Extract',0.90718474,95.0,3.0,'false','US','','',0.0,0.0,0.0,0.0,100.0,'false','false',0.0,-1,-1,0,0,''
313,'Sugar, Table (Sucrose)','Sugar',0.680388555,100.0,1.0,'false','US','','',0.0,0.0,0.0,0.0,10.0,'false','false',0.0,-1,-1,0,0,''
314,'Briess DME - Bavarian Wheat','Dry Extract',0.3401942775,95.0,3.0,'false','US','','',0.0,0.0,0.0,0.0,100.0,'false','false',0.0,-1,-1,0,0,''
315,'Simpsons - Aromatic Malt','Grain',0.226796185,82.5,25.0,'false','UK','','',1.0,5.0,0.0,12.0,5.0,'true','false',0.0,-1,-1,0,0,''
316,'Briess DME - Pilsen Light','Dry Extract',2.72155422,95.0,2.0,'false','US','','',0.0,0.0,0.0,0.0,100.0,'false','false',0.0,-1,-1,0,0,''
317,'Corn Sugar (Dextrose)','Sugar',0.45359237,100.0,0.0,'false','US','','',0.0,0.0,0.0,0.0,5.0,'false','false',0.0,-1,-1,0,0,''
318,'Caramel/Crystal Malt - 10L','Grain',0.45359237,75.0,10.0,'false','US','','This Light Crystal malt will lend body and mouth feel with a minimum of color, much like Carapils, but with a light caramel sweetness.',0.0,0.0,0.0,0.0,20.0,'false','false',0.0,-1,-1,0,0,''
319,'Caramel/Crystal Malt - 80L','Grain',0.45359237,74.0,80.0,'false','US','','This Crystal malt will lend a well a pronounced caramel flavor, color and sweetness.',0.0,0.0,0.0,0.0,20.0,'false','false',0.0,-1,-1,0,0,''
320,'Briess - Chocolate Malt','Grain',0.1133980925,73.0,350.0,'false','US','','',1.0,6.0,0.0,13.0,10.0,'true','false',0.0,-1,-1,0,0,''
321,'Special B Malt','Grain',0.1133980925,65.2,160.0,'false','Belgium','','Special B refers to a type of dark, flavorful crystal malt traditionally malted in Belgium. In small amounts, it gives a unique flavor to the finished beer that is often compared to raisins or dried fruit. This malt is always dark, but the color and flavor vary more than most other malt styles; most of the commonly available varieties are in the 110-160 L range, but it may be even darker. Don''t depend on this software to calculate the color of your beer correctly, since it may be expecting a much darker malt than you are actually using; some older sources assume Special B will be over 200 or even up to 300 L. While some sources still claim that Special B must be mashed, it is a crystal malt and can be steeped with an extract batch without adding significant protein to the beer.',0.0,0.0,0.0,0.0,10.0,'true','true',0.0,-1,-1,0,0,''
322,'Briess LME - Golden Light','Extract',6.80388555,78.0,4.0,'false','US','','',0.0,0.0,0.0,0.0,100.0,'false','false',0.0,-1,-1,0,0,''
323,'Briess - 2 Row Black Malt','Grain',0.0,55.0,500.0,'false','US','Briess','2-Row. Color adjustment for all beer styles. Use with other roasted malts for mild flavored dark beers. Has little impact on foam color.',1.0,6.0,0.0,0.0,10.0,'false','false',0.0,-1,-1,0,1,''
324,'Briess - 2 Row Caramel Malt 10L','Grain',0.0,77.0,10.0,'false','US','Briess','Candylike sweetness, mild caramel.',1.0,7.0,0.0,0.0,15.0,'false','false',0.0,-1,-1,0,1,''
325,'Briess - 2 Row Caramel Malt 120L','Grain',0.0,75.0,120.0,'false','US','Briess','Pronounced caramel, slight burnt sugar, raisiny, prunes.',1.0,3.0,0.0,0.0,15.0,'false','false',0.0,-1,-1,0,1,''
326,'Briess - 2 Row Caramel Malt 30L','Grain',0.0,77.0,30.0,'false','US','Briess','Sweet, caramel, toffee.',1.0,5.5,0.0,0.0,15.0,'false','false',0.0,-1,-1,0,1,''
327,'Briess - 2 Row Caramel Malt 40L','Grain',0.0,77.0,40.0,'false','US','Briess','',1.0,5.5,0.0,0.0,15.0,'false','false',0.0,-1,-1,0,1,''
328,'Briess - 2 Row Caramel Malt 60L','Grain',0.0,77.0,60.0,'false','US','Briess','Sweet, pronounced caramel.',1.0,5.0,0.0,0.0,15.0,'false','false',0.0,-1,-1,0,1,''
329,'Briess - 2 Row Caramel Malt 80L','Grain',0.0,76.0,80.0,'false','US','Briess','Pronounced caramel, slight burnt sugar, raisiny.',1.0,4.5,0.0,0.0,15.0,'false','false',0.0,-1,-1,0,1,''
330,'Briess - 2 Row Chocolate Malt','Grain',0.0,60.0,350.0,'false','US','Briess','2-Row. Use in all beer styles for color adjustment. Use 1-10% for desired color in Porter and Stout. The rich roasted coffee, cocoa flavor is very complementary when used in higher percentages in Porters, Stouts, Brown Ales, and other dark beers. ',1.0,5.5,0.0,0.0,10.0,'false','false',0.0,-1,-1,0,1,''
331,'Briess - Barley Flakes','Adjunct',0.0,70.0,1.4,'false','US','Briess','Pregelatinized. Use Barley Flakes as an adjunct in all-grain brews to produce a lighter colored finished beer without lowering the original gravity. Use in place of corn as an adjunct to eliminate corn flavor in the finished beer. Use at 10-25% of total grist to produce a light colored, mild flavored, dry beer.',0.0,9.0,0.0,12.5,100.0,'true','true',0.0,-1,-1,0,1,''
332,'Briess - Brown Rice Flakes','Adjunct',0.0,60.0,1.0,'false','US','Briess','Pregelatinized. Briess Rice Flakes produce a light, clean and crisp characteristic to the finished beer. Use up to 40% as a ceral adjunct in the total grist.',0.0,7.0,0.0,10.0,40.0,'true','true',0.0,-1,-1,0,1,''
333,'Briess - Caramel Malt 10L','Grain',0.0,76.0,10.0,'false','US','Briess','Candylike sweetness, mild caramel.',1.0,7.0,0.0,0.0,15.0,'false','false',0.0,-1,-1,0,1,''
334,'Briess - Caramel Malt 120L','Grain',0.0,74.0,120.0,'false','US','Briess','Pronounced caramel, slight burnt sugar, raisiny, prunes.',0.0,3.0,0.0,0.0,15.0,'false','false',0.0,-1,-1,0,1,''
335,'Briess - Caramel Malt 20L','Grain',0.0,76.0,20.0,'false','US','Briess','',0.0,6.0,0.0,0.0,15.0,'false','false',0.0,-1,-1,0,1,''
336,'Briess - Caramel Malt 40L','Grain',0.0,75.0,40.0,'false','US','Briess','Sweet, caramel, toffee.',0.0,5.5,0.0,0.0,15.0,'false','false',0.0,-1,-1,0,1,''
337,'Briess - Caramel Malt 60L','Grain',0.0,76.0,60.0,'false','US','','Sweet, pronounced caramel.',0.0,5.0,0.0,0.0,15.0,'false','false',0.0,-1,-1,0,1,''
338,'Briess - Caramel Malt 80L','Grain',0.0,75.0,80.0,'false','US','Briess','Pronounced caramel, slight burnt sugar, raisiny.',0.0,4.5,0.0,0.0,15.0,'false','false',0.0,-1,-1,0,1,''
339,'Briess - Caramel Malt 90L','Grain',0.0,75.0,90.0,'false','US','Briess','Pronounced caramel, slight burnt sugar, raisiny, prunes.',0.0,4.0,0.0,0.0,15.0,'false','false',0.0,-1,-1,0,1,''
340,'Briess - Caramel Munich Malt 60L','Grain',0.0,77.0,60.0,'false','US','Briess','This darker colored, more intensely flavored 2-Row caramel munich malt is excellent in IPAs, Pale ales, Oktoberfests and Porters. Imparts amber to red hues.',1.0,3.5,0.0,0.0,15.0,'false','false',0.0,-1,-1,0,1,''
341,'Briess - Caramel Vienne Malt 20L','Grain',0.0,78.0,20.0,'false','US','Briess','This 2-Row caramel malt adds flavors unique to Vienna-style lagers and Belgian-style Abbey Ales. Imparts golden hues.',1.0,4.5,0.0,0.0,10.0,'false','false',0.0,-1,-1,0,1,''
342,'Briess - Goldpils Vienna Malt','Grain',0.0,80.0,3.5,'false','US','Briess','DP 80. Use as a base malt or high percentage specialty malt.
Contributes light golden hues.
Typically used in Vienna, Oktoberfest and Marzen beers.
Use in any beer for rich malty flavor.',2.0,3.5,80.0,12.0,100.0,'true','true',0.0,-1,-1,0,1,''
343,'Briess - Oat Flakes','Adjunct',0.0,80.0,2.5,'false','US','Briess','Pregelatinized. Use 5-25% of the total grist for an Oatmeal Stout. Use a small percentage in Belgian Wit Beers.',0.0,7.5,0.0,14.0,25.0,'true','true',0.0,-1,-1,0,1,''
344,'Briess - Red Wheat Flakes','Adjunct',0.0,70.0,2.0,'false','US','Briess','Pregelatinized. Red Wheat Flakes can be used in place of Wheat Malt to make Wheat Beer. Flakes will yield a different flavor profile than Wheat Malt. Use in theproduction of Belgian Wit Beers. Use up to 40% as a cereal adjunct in the total grist. Use 0.5-1.0% to a standard brew to increase foam stability.',0.0,7.0,0.0,13.5,40.0,'true','true',0.0,-1,-1,0,1,''
345,'Briess - Rye Flakes','Adjunct',0.0,71.0,3.0,'false','US','Briess','Pregelatinized. Rye Flakes contribute a very clean, distinctive rye flavor. Use to to 40% as a cereal adjunct in the total grist to create rye Beer. Start at 5-10% and increase in increments of 5% because of the concentrated flavor of Rye Flakes.',0.0,7.0,0.0,13.0,40.0,'true','true',0.0,-1,-1,0,1,''
346,'Briess - Torrified Red Wheat','Grain',0.0,76.0,1.5,'false','US','Briess','Torrified Wheat is short for Insta Grains® Soft Red Wheat Whole Kernel. Heat treated to break the cellular structure, allowing more rapid hydration and malt enzymes to more completely attack the starches and protein. Use up to 40% of the total grist bill.
',0.0,8.5,0.0,11.0,40.0,'true','true',0.0,-1,-1,0,1,''
347,'Briess - Yellow Corn Flakes','Adjunct',0.0,75.0,0.8,'false','US','Briess','Pregelatinized. Using Yellow Corn Flakes as an adjunct produces a lower color in the finished beer without lowering the original gravity.Yellow Corn Flakes produce a beer with a mild, less malty flavor. Yellow Corn Flakes produce a drier, more crisp beer.',0.0,8.0,0.0,10.0,40.0,'true','true',0.0,-1,-1,0,1,''
